dataset,language,metaclip2-worldwide-h14,metaclip2-worldwide-b16,vit-t-16-clipkd-vit-b-32-lr2e-3-e32,vit-t-16-clipkd-vit-b-32-lr2e-3-e8,vit-t-16-clipkd-vit-b-16-siglip2-lr2e-3-e32,vit-t-16-clipkd-vit-b-16-siglip2-lr4.47e-3-e100,vit-t-16-clipkd-vit-b-16-siglip2-lr4.47e-3-e8,vit-t-16-clipkd-vit-b-16-siglip2-wit-lr2e-3-e8,vit-t-16-clipkd-vit-b-16-siglip2-wit-lr2e-3-e32,vit-t-16-clipkd-vit-b-16-siglip2-mv1-lr2e-3-e8,vit-t-16-clipkd-vit-b-16-siglip2-mv1-lr2e-3-e32,clipkd-released-vit-b-16-teacher-laion400m,vit-t-16-clipkd-metaclip2-b16-mc2-lr2e-3-e0init,vit-t-16-clipkd-metaclip2-b16-mc2-lr2e-3-e8,vit-t-16-clipkd-metaclip2-b16-mc2-lr2e-3-e16,vit-t-16-clipkd-metaclip2-b16-mc2-lr2e-3-e24,vit-t-16-clipkd-metaclip2-b16-mc2-lr2e-3-e32,vit-t-16-clipkd-metaclip2-b16-cc12m-lr2e-3-e8,vit-t-16-clipkd-metaclip2-b16-cc12m-lr2e-3-e16,vit-t-16-clipkd-metaclip2-b16-cc12m-lr2e-3-e24,vit-t-16-clipkd-metaclip2-b16-cc12m-lr2e-3-e32,vit-t-16-clipkd-metaclip2-b16-wit-randinit-lr2e-3-e8,vit-t-16-clipkd-metaclip2-b16-wit-randinit-lr2e-3-e16,vit-t-16-clipkd-metaclip2-b16-wit-randinit-lr2e-3-e24,vit-t-16-clipkd-metaclip2-b16-wit-randinit-lr2e-3-e32,vit-t-16-clipkd-metaclip2-b16-cg-randinit-lr2e-3-e8,vit-t-16-clipkd-metaclip2-b16-cg-randinit-lr2e-3-e16,vit-t-16-clipkd-metaclip2-b16-cg-randinit-lr2e-3-e24,vit-t-16-clipkd-metaclip2-b16-cg-randinit-lr2e-3-e32,vit-t-16-clipkd-metaclip2-b16-bloom-randinit-lr2e-3-e8,vit-t-16-clipkd-metaclip2-b16-bloom-randinit-lr2e-3-e16,vit-t-16-clipkd-metaclip2-b16-bloom-randinit-lr2e-3-e24,vit-t-16-clipkd-metaclip2-b16-bloom-randinit-lr2e-3-e32,vit-t-16-clipkd-metaclip2-b16-cc12m+sea-lr2e-3-e8,vit-t-16-clipkd-metaclip2-b16-cc12m+sea-lr2e-3-e16,vit-t-16-clipkd-metaclip2-b16-cc12m+sea-lr2e-3-e24,vit-t-16-clipkd-metaclip2-b16-cc12m+sea-lr2e-3-e32
babel_imagenet,en,0.74616,0.6358,0.36632,0.26094,0.3139,0.3482,0.18948,0.00214,0.0036,0.0034,0.00446,0.57694,0.3632,0.03566,0.04344,0.05082,0.05024,0.25912,0.2884,0.3291,0.34408,0.00526,0.0078,0.01028,0.0126,0.00198,0.00194,0.00158,0.00162,0.00084,0.00124,0.00118,0.00086,0.2041,0.25126,0.29234,0.322
babel_imagenet,id,0.7161123110151187,0.5719222462203024,0.0819438444924406,0.06980561555075594,0.06034557235421166,0.06272138228941684,0.05693304535637149,0.00367170626349892,0.007602591792656588,0.008207343412526998,0.011490280777537797,0.18298056155507558,0.08406047516198704,0.07136069114470843,0.09883369330453563,0.11088552915766739,0.1060475161987041,0.07848812095032398,0.08764578833693304,0.08496760259179266,0.08237580993520519,0.010626349892008639,0.014730021598272138,0.02712742980561555,0.031792656587473,0.003974082073434125,0.009460043196544277,0.009719222462203024,0.009114470842332613,0.0021598272138228943,0.0026781857451403887,0.002203023758099352,0.001166306695464363,0.13844492440604753,0.17460043196544275,0.2085097192224622,0.21680345572354212
babel_imagenet,jv,0.5097267759562841,0.4276502732240437,0.0673224043715847,0.06174863387978142,0.05617486338797814,0.06076502732240437,0.05092896174863388,0.012021857923497269,0.016065573770491802,0.01453551912568306,0.017158469945355193,0.14185792349726775,0.06513661202185793,0.08087431693989071,0.13147540983606557,0.13584699453551913,0.1292896174863388,0.05759562841530055,0.06360655737704918,0.06426229508196721,0.06579234972677596,0.01923497267759563,0.0273224043715847,0.040327868852459016,0.04316939890710383,0.012021857923497269,0.016284153005464482,0.01377049180327869,0.015300546448087432,0.0073224043715847,0.0030601092896174863,0.005573770491803279,0.0053551912568306015,0.13846994535519125,0.1740983606557377,0.206448087431694,0.20404371584699454
babel_imagenet,ms,0.6561336515513126,0.4863961813842482,0.06252983293556086,0.05494033412887828,0.04935560859188544,0.04916467780429594,0.039045346062052504,0.004677804295942721,0.009164677804295942,0.008162291169451073,0.012601431980906921,0.14682577565632457,0.06443914081145585,0.06539379474940334,0.08921241050119331,0.10267303102625298,0.10443914081145585,0.05355608591885441,0.061431980906921244,0.06272076372315036,0.06315035799522672,0.01026252983293556,0.016515513126491646,0.027637231503579954,0.03097852028639618,0.006205250596658711,0.009021479713603819,0.010787589498806682,0.011026252983293556,0.0022911694510739855,0.003054892601431981,0.0024343675417661096,0.0026252983293556086,0.1166109785202864,0.1582816229116945,0.18424821002386635,0.19389021479713603
babel_imagenet,my,0.3786206896551724,0.2843103448275862,0.0021551724137931034,0.007586206896551724,0.004568965517241379,0.005172413793103448,0.0019827586206896553,0.005775862068965517,0.007241379310344828,0.009913793103448277,0.007844827586206896,0.006206896551724138,0.001293103448275862,0.007241379310344828,0.016120689655172413,0.018189655172413794,0.019482758620689655,0.0025,0.004482758620689655,0.0025,0.0033620689655172414,0.004137931034482759,0.004568965517241379,0.005086206896551724,0.009913793103448277,0.006293103448275862,0.004310344827586207,0.0028448275862068967,0.0031896551724137933,0.004310344827586207,0.0033620689655172414,0.003965517241379311,0.003620689655172414,0.026293103448275863,0.026293103448275863,0.04206896551724138,0.041982758620689654
babel_imagenet,su,0.3726530612244898,0.28469387755102044,0.038979591836734696,0.052244897959183675,0.03,0.03183673469387755,0.03387755102040816,0.014285714285714285,0.018163265306122448,0.01673469387755102,0.023061224489795917,0.12224489795918367,0.04938775510204082,0.08489795918367347,0.10081632653061225,0.12081632653061225,0.11918367346938775,0.05061224489795919,0.044897959183673466,0.03775510204081633,0.0373469387755102,0.025714285714285714,0.03877551020408163,0.053877551020408164,0.049183673469387755,0.011224489795918367,0.02163265306122449,0.017142857142857144,0.018979591836734692,0.012244897959183673,0.011428571428571429,0.007959183673469388,0.008775510204081632,0.11489795918367347,0.12510204081632653,0.13877551020408163,0.14326530612244898
babel_imagenet,th,0.5496651785714286,0.40104910714285713,0.0022098214285714286,0.0022098214285714286,0.00042410714285714285,0.0006696428571428571,0.001361607142857143,0.00203125,0.003683035714285714,0.004441964285714286,0.004665178571428572,0.0019419642857142858,0.0021651785714285714,0.012544642857142857,0.020245535714285716,0.027165178571428573,0.023325892857142858,0.002120535714285714,0.0016071428571428571,0.0012723214285714286,0.0008482142857142857,0.0022991071428571427,0.004040178571428571,0.006116071428571428,0.008258928571428572,0.0017410714285714286,0.003236607142857143,0.0034375,0.0039955357142857145,0.0011830357142857144,0.0011607142857142858,0.00140625,0.0013169642857142857,0.026674107142857142,0.034933035714285715,0.047098214285714285,0.04845982142857143
babel_imagenet,vi,0.6606883365200765,0.5084894837476099,0.028833652007648182,0.026462715105162522,0.026577437858508603,0.02592734225621415,0.025889101338432124,0.003288718929254302,0.007265774378585086,0.003938814531548757,0.008718929254302104,0.07055449330783939,0.025430210325047803,0.056634799235181645,0.08466539196940727,0.08611854684512428,0.08894837476099426,0.020879541108986616,0.02022944550669216,0.02864244741873805,0.030439770554493307,0.00627151051625239,0.015449330783938814,0.022294455066921605,0.02546845124282983,0.0051625239005736135,0.009789674952198853,0.006539196940726577,0.006309751434034417,0.002447418738049713,0.0015296367112810707,0.001988527724665392,0.0018355640535372849,0.09537284894837476,0.13908221797323136,0.1684130019120459,0.17793499043977054
crossmodal3600,en,0.4772222340106964,0.4602777659893036,0.3802777826786041,0.30194443464279175,0.371111124753952,0.3883333206176758,0.2430555522441864,0.0011111111380159855,0.0011111111380159855,0.0013888889225199819,0.0030555555131286383,0.46388888359069824,0.3936111032962799,0.027222221717238426,0.02388888970017433,0.024444444105029106,0.02388888970017433,0.26750001311302185,0.30000001192092896,0.3305555582046509,0.3261111080646515,0.002222222276031971,0.0027777778450399637,0.007222222164273262,0.004999999888241291,0.00027777778450399637,0.00027777778450399637,0.00027777778450399637,0.0005555555690079927,0.00027777778450399637,0.00027777778450399637,0.00027777778450399637,0.00027777778450399637,0.22111110389232635,0.2869444489479065,0.3077777922153473,0.31388887763023376
crossmodal3600,id,0.6430555582046509,0.5611110925674438,0.021388888359069824,0.017222221940755844,0.015277777798473835,0.011666666716337204,0.010833333246409893,0.0005555555690079927,0.0011111111380159855,0.0027777778450399637,0.0024999999441206455,0.08944444358348846,0.01805555634200573,0.03861111029982567,0.05027777701616287,0.056111112236976624,0.06277777999639511,0.016944443807005882,0.021388888359069824,0.019999999552965164,0.018611110746860504,0.0033333334140479565,0.006666666828095913,0.010277777910232544,0.011666666716337204,0.00027777778450399637,0.0024999999441206455,0.0019444444915279746,0.0027777778450399637,0.00027777778450399637,0.0,0.00027777778450399637,0.00027777778450399637,0.09055555611848831,0.14305555820465088,0.16611111164093018,0.14749999344348907
crossmodal3600,th,0.5780555605888367,0.4769444465637207,0.00027777778450399637,0.0005555555690079927,0.0005555555690079927,0.00027777778450399637,0.0,0.0005555555690079927,0.0019444444915279746,0.0033333334140479565,0.0033333334140479565,0.009444444440305233,0.0008333333535119891,0.009722222574055195,0.021388888359069824,0.027499999850988388,0.025555554777383804,0.0,0.0005555555690079927,0.0,0.0,0.0005555555690079927,0.0030555555131286383,0.003888888983055949,0.004444444552063942,0.00027777778450399637,0.0008333333535119891,0.0011111111380159855,0.0005555555690079927,0.00027777778450399637,0.00027777778450399637,0.00027777778450399637,0.0008333333535119891,0.016944443807005882,0.031388889998197556,0.049444444477558136,0.04333333298563957
crossmodal3600,vi,0.6188889145851135,0.539722204208374,0.0030555555131286383,0.0013888889225199819,0.0024999999441206455,0.0016666667070239782,0.0033333334140479565,0.0011111111380159855,0.0005555555690079927,0.0033333334140479565,0.0030555555131286383,0.013888888992369175,0.0011111111380159855,0.024444444105029106,0.046388890594244,0.05166666582226753,0.0486111119389534,0.0008333333535119891,0.0013888889225199819,0.0019444444915279746,0.0013888889225199819,0.0005555555690079927,0.002222222276031971,0.010277777910232544,0.009166666306555271,0.0011111111380159855,0.0011111111380159855,0.0011111111380159855,0.0008333333535119891,0.00027777778450399637,0.00027777778450399637,0.0,0.00027777778450399637,0.056111112236976624,0.09416666626930237,0.12444444745779037,0.11944444477558136
crossmodal3600,zh,0.5774999856948853,0.5016666650772095,0.0005555555690079927,0.0005555555690079927,0.0008333333535119891,0.00027777778450399637,0.00027777778450399637,0.0005555555690079927,0.00027777778450399637,0.00027777778450399637,0.0,0.0019444444915279746,0.00027777778450399637,0.0,0.0011111111380159855,0.00027777778450399637,0.0,0.0005555555690079927,0.0005555555690079927,0.0,0.0,0.00027777778450399637,0.0005555555690079927,0.0008333333535119891,0.0,0.00027777778450399637,0.00027777778450399637,0.00027777778450399637,0.0,0.00027777778450399637,0.0,0.0,0.0,0.0005555555690079927,0.00027777778450399637,0.0005555555690079927,0.00027777778450399637
cvqa,EN,0.6142278773857721,0.5375939849624061,0.3691922112974745,0.36938500096394833,0.36996336996337,0.36051667630615,0.33458646616541354,0.2531328320802005,0.26036244457297086,0.2533256217466744,0.25428957007904374,0.48216695585116637,0.39464044727202624,0.2841719683824947,0.2807981492192019,0.27636398689030267,0.27135145556198187,0.354251012145749,0.3528050896471949,0.349527665317139,0.3382494698284172,0.2609408135723925,0.26797763639868905,0.2716406400616927,0.260169654906497,0.2598804704067862,0.26450742240215924,0.25554270291112396,0.2591093117408907,0.2975708502024291,0.27356853672643144,0.2573742047426258,0.2550607287449393,0.34210526315789475,0.3578176209755157,0.3532870638133796,0.34239444765760557
cvqa,LOCAL,0.5742240215924427,0.5042413726624253,0.263350684403316,0.26103720840562944,0.2691343743975323,0.25602467707730864,0.2692307692307692,0.25968768074031234,0.25477154424522847,0.24927703875072296,0.25631386157701946,0.3149219201850781,0.26286871023713126,0.2639290534027376,0.2639290534027376,0.26903797956429537,0.2636398689030268,0.25853094274146904,0.26026604973973394,0.2581453634085213,0.26479660690187007,0.253903990746096,0.24975901291690766,0.25216888374783114,0.2561210719105456,0.26277231540389434,0.2589165220744168,0.26036244457297086,0.26036244457297086,0.26151918257181417,0.2611336032388664,0.25380759591285906,0.2515905147484095,0.25525351841141314,0.26383265856950067,0.26479660690187007,0.2639290534027376
flickr30k-200,eng_Latn,0.8389999866485596,0.7609999775886536,0.5619999766349792,0.4309999942779541,0.5429999828338623,0.5669999718666077,0.32899999618530273,0.0020000000949949026,0.0020000000949949026,0.0020000000949949026,0.0020000000949949026,0.7540000081062317,0.5989999771118164,0.024000000208616257,0.03200000151991844,0.02199999988079071,0.026000000536441803,0.3540000021457672,0.38100001215934753,0.414000004529953,0.4189999997615814,0.003000000026077032,0.004000000189989805,0.003000000026077032,0.00800000037997961,0.0020000000949949026,0.0020000000949949026,0.003000000026077032,0.0010000000474974513,0.0010000000474974513,0.0010000000474974513,0.0010000000474974513,0.0010000000474974513,0.2759999930858612,0.3400000035762787,0.3880000114440918,0.3970000147819519
flickr30k-200,ind_Latn,0.7609999775886536,0.6600000262260437,0.014000000432133675,0.009999999776482582,0.007000000216066837,0.00800000037997961,0.010999999940395355,0.0020000000949949026,0.0020000000949949026,0.003000000026077032,0.006000000052154064,0.04899999871850014,0.013000000268220901,0.023000000044703484,0.039000000804662704,0.0430000014603138,0.04699999839067459,0.013000000268220901,0.006000000052154064,0.008999999612569809,0.003000000026077032,0.0,0.0010000000474974513,0.004999999888241291,0.009999999776482582,0.0,0.0020000000949949026,0.004000000189989805,0.0010000000474974513,0.0010000000474974513,0.0010000000474974513,0.0,0.0010000000474974513,0.06800000369548798,0.11999999731779099,0.14900000393390656,0.11800000071525574
flickr30k-200,jav_Latn,0.46399998664855957,0.2720000147819519,0.010999999940395355,0.017999999225139618,0.014999999664723873,0.017000000923871994,0.014999999664723873,0.004999999888241291,0.004000000189989805,0.003000000026077032,0.004000000189989805,0.050999999046325684,0.01600000075995922,0.014999999664723873,0.02199999988079071,0.014999999664723873,0.01899999938905239,0.017999999225139618,0.014999999664723873,0.02199999988079071,0.012000000104308128,0.0,0.0010000000474974513,0.004999999888241291,0.006000000052154064,0.0020000000949949026,0.004000000189989805,0.0010000000474974513,0.0020000000949949026,0.0,0.0010000000474974513,0.0010000000474974513,0.0010000000474974513,0.02800000086426735,0.05700000002980232,0.06300000101327896,0.04500000178813934
flickr30k-200,mya_Mymr,0.382999986410141,0.23499999940395355,0.0010000000474974513,0.0020000000949949026,0.0020000000949949026,0.0010000000474974513,0.0020000000949949026,0.0010000000474974513,0.0010000000474974513,0.0,0.0,0.0020000000949949026,0.0010000000474974513,0.0020000000949949026,0.004000000189989805,0.0010000000474974513,0.003000000026077032,0.0020000000949949026,0.0020000000949949026,0.0020000000949949026,0.0020000000949949026,0.0,0.0,0.0020000000949949026,0.003000000026077032,0.0010000000474974513,0.0010000000474974513,0.0010000000474974513,0.004999999888241291,0.0010000000474974513,0.0020000000949949026,0.0010000000474974513,0.0,0.0010000000474974513,0.003000000026077032,0.004999999888241291,0.0020000000949949026
flickr30k-200,sun_Latn,0.38600000739097595,0.25,0.017000000923871994,0.01899999938905239,0.024000000208616257,0.014999999664723873,0.024000000208616257,0.0,0.0020000000949949026,0.0010000000474974513,0.0,0.04800000041723251,0.028999999165534973,0.014999999664723873,0.010999999940395355,0.014000000432133675,0.014999999664723873,0.017000000923871994,0.019999999552965164,0.02500000037252903,0.01899999938905239,0.0020000000949949026,0.0020000000949949026,0.0010000000474974513,0.003000000026077032,0.003000000026077032,0.006000000052154064,0.003000000026077032,0.0020000000949949026,0.0,0.0020000000949949026,0.0,0.0,0.03500000014901161,0.04699999839067459,0.04800000041723251,0.03400000184774399
flickr30k-200,tha_Thai,0.6700000166893005,0.5220000147819519,0.003000000026077032,0.0,0.0010000000474974513,0.0010000000474974513,0.0010000000474974513,0.004000000189989805,0.0020000000949949026,0.0,0.003000000026077032,0.004000000189989805,0.0010000000474974513,0.004999999888241291,0.013000000268220901,0.013000000268220901,0.014000000432133675,0.0010000000474974513,0.0010000000474974513,0.0010000000474974513,0.0,0.0010000000474974513,0.004999999888241291,0.0010000000474974513,0.006000000052154064,0.0,0.0020000000949949026,0.0,0.0010000000474974513,0.0010000000474974513,0.0010000000474974513,0.0010000000474974513,0.0010000000474974513,0.01600000075995922,0.017000000923871994,0.028999999165534973,0.02199999988079071
flickr30k-200,vie_Latn,0.7590000033378601,0.5950000286102295,0.0,0.0,0.004000000189989805,0.0020000000949949026,0.004999999888241291,0.003000000026077032,0.0,0.0,0.0020000000949949026,0.017000000923871994,0.0020000000949949026,0.009999999776482582,0.02800000086426735,0.035999998450279236,0.035999998450279236,0.0020000000949949026,0.0010000000474974513,0.0020000000949949026,0.003000000026077032,0.0010000000474974513,0.0,0.0020000000949949026,0.00800000037997961,0.0020000000949949026,0.0020000000949949026,0.003000000026077032,0.0010000000474974513,0.0,0.0010000000474974513,0.0010000000474974513,0.0010000000474974513,0.03400000184774399,0.06700000166893005,0.08100000023841858,0.07699999958276749
flickr30k-200,zsm_Latn,0.75,0.6140000224113464,0.00800000037997961,0.007000000216066837,0.00800000037997961,0.00800000037997961,0.008999999612569809,0.003000000026077032,0.0,0.0010000000474974513,0.004000000189989805,0.035999998450279236,0.012000000104308128,0.023000000044703484,0.03099999949336052,0.04500000178813934,0.039000000804662704,0.00800000037997961,0.006000000052154064,0.006000000052154064,0.00800000037997961,0.0,0.0010000000474974513,0.008999999612569809,0.008999999612569809,0.0,0.0020000000949949026,0.004000000189989805,0.0020000000949949026,0.0010000000474974513,0.0010000000474974513,0.0010000000474974513,0.0020000000949949026,0.0560000017285347,0.10300000011920929,0.13099999725818634,0.10899999737739563
imagenet1k-unverified,en,0.81274,0.7109,0.42836,0.29972,0.36658,0.4102,0.2173,0.00214,0.00418,0.00412,0.00456,0.67036,0.42608,0.03814,0.04724,0.05648,0.05558,0.2962,0.3328,0.38092,0.40038,0.00432,0.0075,0.01044,0.01322,0.00168,0.00246,0.00182,0.00184,0.00072,0.00088,0.00092,0.00098,0.23528,0.29116,0.34282,0.37376
xtd200,eng_Latn,0.7160000205039978,0.6370000243186951,0.5120000243186951,0.37299999594688416,0.4749999940395355,0.515999972820282,0.33500000834465027,0.004000000189989805,0.004000000189989805,0.004999999888241291,0.006000000052154064,0.6110000014305115,0.5099999904632568,0.032999999821186066,0.04399999976158142,0.041999999433755875,0.04399999976158142,0.3179999887943268,0.35499998927116394,0.39500001072883606,0.39800000190734863,0.004999999888241291,0.004999999888241291,0.008999999612569809,0.009999999776482582,0.0,0.0010000000474974513,0.003000000026077032,0.003000000026077032,0.0010000000474974513,0.0010000000474974513,0.0010000000474974513,0.0020000000949949026,0.2720000147819519,0.33000001311302185,0.3479999899864197,0.3540000021457672
xtd200,ind_Latn,0.6470000147819519,0.5329999923706055,0.019999999552965164,0.02500000037252903,0.014000000432133675,0.012000000104308128,0.019999999552965164,0.004000000189989805,0.003000000026077032,0.00800000037997961,0.00800000037997961,0.07999999821186066,0.03099999949336052,0.04100000113248825,0.0560000017285347,0.057999998331069946,0.061000000685453415,0.01600000075995922,0.01899999938905239,0.02199999988079071,0.017999999225139618,0.006000000052154064,0.013000000268220901,0.013000000268220901,0.01899999938905239,0.0020000000949949026,0.003000000026077032,0.004999999888241291,0.004000000189989805,0.0020000000949949026,0.0020000000949949026,0.0,0.0,0.10300000011920929,0.14499999582767487,0.1379999965429306,0.1340000033378601
xtd200,jav_Latn,0.4000000059604645,0.26100000739097595,0.024000000208616257,0.020999999716877937,0.019999999552965164,0.024000000208616257,0.02800000086426735,0.003000000026077032,0.003000000026077032,0.004000000189989805,0.003000000026077032,0.050999999046325684,0.028999999165534973,0.026000000536441803,0.028999999165534973,0.035999998450279236,0.03500000014901161,0.027000000700354576,0.017000000923871994,0.029999999329447746,0.01600000075995922,0.0020000000949949026,0.004999999888241291,0.012000000104308128,0.003000000026077032,0.0020000000949949026,0.003000000026077032,0.0010000000474974513,0.0010000000474974513,0.0010000000474974513,0.0,0.0,0.0020000000949949026,0.05900000035762787,0.07800000160932541,0.0989999994635582,0.08399999886751175
xtd200,mya_Mymr,0.3919999897480011,0.2329999953508377,0.0020000000949949026,0.0020000000949949026,0.0,0.0010000000474974513,0.0010000000474974513,0.0,0.0020000000949949026,0.0020000000949949026,0.004999999888241291,0.010999999940395355,0.0010000000474974513,0.0020000000949949026,0.003000000026077032,0.0010000000474974513,0.003000000026077032,0.0020000000949949026,0.0020000000949949026,0.0,0.0020000000949949026,0.0010000000474974513,0.0010000000474974513,0.0010000000474974513,0.0020000000949949026,0.0010000000474974513,0.0010000000474974513,0.0010000000474974513,0.0,0.0010000000474974513,0.0010000000474974513,0.0010000000474974513,0.0,0.004000000189989805,0.009999999776482582,0.010999999940395355,0.00800000037997961
xtd200,sun_Latn,0.35100001096725464,0.23800000548362732,0.029999999329447746,0.027000000700354576,0.024000000208616257,0.02800000086426735,0.027000000700354576,0.0020000000949949026,0.0020000000949949026,0.0,0.003000000026077032,0.05400000140070915,0.03500000014901161,0.023000000044703484,0.02500000037252903,0.028999999165534973,0.023000000044703484,0.027000000700354576,0.028999999165534973,0.027000000700354576,0.02800000086426735,0.0020000000949949026,0.004999999888241291,0.008999999612569809,0.010999999940395355,0.003000000026077032,0.0010000000474974513,0.0010000000474974513,0.003000000026077032,0.0020000000949949026,0.0010000000474974513,0.0010000000474974513,0.0020000000949949026,0.057999998331069946,0.07100000232458115,0.07400000095367432,0.05999999865889549
xtd200,tha_Thai,0.5350000262260437,0.4020000100135803,0.0010000000474974513,0.0010000000474974513,0.0020000000949949026,0.0010000000474974513,0.0020000000949949026,0.006000000052154064,0.003000000026077032,0.003000000026077032,0.003000000026077032,0.003000000026077032,0.0020000000949949026,0.010999999940395355,0.017000000923871994,0.029999999329447746,0.026000000536441803,0.0020000000949949026,0.0010000000474974513,0.0020000000949949026,0.0020000000949949026,0.004000000189989805,0.0010000000474974513,0.004999999888241291,0.004000000189989805,0.0010000000474974513,0.004999999888241291,0.003000000026077032,0.0020000000949949026,0.0020000000949949026,0.0020000000949949026,0.0010000000474974513,0.0020000000949949026,0.023000000044703484,0.04800000041723251,0.05000000074505806,0.04100000113248825
xtd200,vie_Latn,0.6309999823570251,0.5149999856948853,0.006000000052154064,0.006000000052154064,0.004999999888241291,0.0010000000474974513,0.00800000037997961,0.003000000026077032,0.004000000189989805,0.004999999888241291,0.007000000216066837,0.014000000432133675,0.0020000000949949026,0.026000000536441803,0.0430000014603138,0.0560000017285347,0.050999999046325684,0.0010000000474974513,0.003000000026077032,0.003000000026077032,0.0010000000474974513,0.003000000026077032,0.0020000000949949026,0.013000000268220901,0.010999999940395355,0.003000000026077032,0.004999999888241291,0.0020000000949949026,0.0020000000949949026,0.0010000000474974513,0.0,0.0,0.0010000000474974513,0.07000000029802322,0.1120000034570694,0.12099999934434891,0.12600000202655792
xtd200,zsm_Latn,0.6269999742507935,0.48399999737739563,0.012000000104308128,0.009999999776482582,0.00800000037997961,0.017999999225139618,0.01600000075995922,0.003000000026077032,0.004000000189989805,0.004999999888241291,0.012000000104308128,0.05900000035762787,0.017999999225139618,0.04500000178813934,0.052000001072883606,0.05999999865889549,0.05700000002980232,0.014000000432133675,0.014999999664723873,0.012000000104308128,0.007000000216066837,0.004999999888241291,0.004000000189989805,0.014000000432133675,0.009999999776482582,0.0020000000949949026,0.003000000026077032,0.003000000026077032,0.0,0.0010000000474974513,0.0010000000474974513,0.0,0.0010000000474974513,0.10599999874830246,0.13500000536441803,0.14100000262260437,0.13300000131130219
